station_id,kw
achernsupercharger,150
achernsupercharger,150
achernsupercharger,150
achernsupercharger,150
achernsupercharger,150
achernsupercharger,150
achernsupercharger,150
achernsupercharger,150
aichstettensupercharger,150
aichstettensupercharger,150
aichstettensupercharger,150
aichstettensupercharger,150
aichstettensupercharger,150
aichstettensupercharger,150
aichstettensupercharger,150
aichstettensupercharger,150
badrappenausupercharger,150
badrappenausupercharger,150
badrappenausupercharger,150
badrappenausupercharger,150
badrappenausupercharger,150
badrappenausupercharger,150
badrappenausupercharger,150
badrappenausupercharger,150
beelitzsupercharger,150
beelitzsupercharger,150
beelitzsupercharger,150
beelitzsupercharger,150
beelitzsupercharger,150
beelitzsupercharger,150
beelitzsupercharger,150
beelitzsupercharger,150
beelitzsupercharger,150
beelitzsupercharger,150
beelitzsupercharger,150
beelitzsupercharger,150
beelitzsupercharger,150
beelitzsupercharger,150
berlineurefcampussupercharger,250
berlineurefcampussupercharger,250
berlineurefcampussupercharger,250
berlineurefcampussupercharger,250
berlineurefcampussupercharger,250
berlineurefcampussupercharger,250
berlineurefcampussupercharger,250
berlineurefcampussupercharger,250
berlineurefcampussupercharger,250
berlineurefcampussupercharger,250
berlineurefcampussupercharger,250
berlineurefcampussupercharger,250
bernauamchiemseesupercharger,150
bernauamchiemseesupercharger,150
bernauamchiemseesupercharger,150
bernauamchiemseesupercharger,150
bernauamchiemseesupercharger,150
bernauamchiemseesupercharger,150
bernauamchiemseesupercharger,150
bernauamchiemseesupercharger,150
berstelandsupercharger,150
berstelandsupercharger,150
berstelandsupercharger,150
berstelandsupercharger,150
berstelandsupercharger,150
berstelandsupercharger,150
bispingensupercharger,150
bispingensupercharger,150
bispingensupercharger,150
bispingensupercharger,150
bispingensupercharger,150
bispingensupercharger,150
bispingensupercharger,150
bispingensupercharger,150
bispingensupercharger,150
bispingensupercharger,150
blankenfeldemahlowsupercharger,150
blankenfeldemahlowsupercharger,150
blankenfeldemahlowsupercharger,150
blankenfeldemahlowsupercharger,150
blankenfeldemahlowsupercharger,150
blankenfeldemahlowsupercharger,150
blankenfeldemahlowsupercharger,150
blankenfeldemahlowsupercharger,150
Bochumdesupercharger,250
Bochumdesupercharger,250
Bochumdesupercharger,250
Bochumdesupercharger,250
Bochumdesupercharger,250
Bochumdesupercharger,250
Bochumdesupercharger,250
Bochumdesupercharger,250
Bochumdesupercharger,250
Bochumdesupercharger,250
Bochumdesupercharger,250
Bochumdesupercharger,250
Bochumdesupercharger,250
Bochumdesupercharger,250
Bochumdesupercharger,250
Bochumdesupercharger,250
braaksupercharger,150
braaksupercharger,150
braaksupercharger,150
braaksupercharger,150
braaksupercharger,150
braaksupercharger,150
braaksupercharger,150
braaksupercharger,150
braaksupercharger,250
braaksupercharger,250
braaksupercharger,250
braaksupercharger,250
brinkumsupercharger,150
brinkumsupercharger,150
brinkumsupercharger,150
brinkumsupercharger,150
brinkumsupercharger,150
brinkumsupercharger,150
brinkumsupercharger,150
brinkumsupercharger,150
brinkumsupercharger,150
brinkumsupercharger,150
brinkumsupercharger,150
brinkumsupercharger,150
brinkumsupercharger,150
brinkumsupercharger,150
bruchsalsupercharger,150
bruchsalsupercharger,150
bruchsalsupercharger,150
bruchsalsupercharger,150
bruchsalsupercharger,150
bruchsalsupercharger,150
bruchsalsupercharger,150
bruchsalsupercharger,150
bruchsalsupercharger,150
bruchsalsupercharger,150
bruchsalsupercharger,150
bruchsalsupercharger,150
bruchsalsupercharger,150
bruchsalsupercharger,150
Brunnthaldesupercharger,250
Brunnthaldesupercharger,250
Brunnthaldesupercharger,250
Brunnthaldesupercharger,250
Brunnthaldesupercharger,250
Brunnthaldesupercharger,250
Brunnthaldesupercharger,250
Brunnthaldesupercharger,250
Brunnthaldesupercharger,250
Brunnthaldesupercharger,250
Brunnthaldesupercharger,250
Brunnthaldesupercharger,250
busdorfsupercharger,150
busdorfsupercharger,150
busdorfsupercharger,150
busdorfsupercharger,150
busdorfsupercharger,150
busdorfsupercharger,150
busdorfsupercharger,150
busdorfsupercharger,150
busdorfsupercharger,150
busdorfsupercharger,150
busdorfsupercharger,150
busdorfsupercharger,150
busdorfsupercharger,150
busdorfsupercharger,150
boblingensupercharger,250
boblingensupercharger,250
boblingensupercharger,250
boblingensupercharger,250
boblingensupercharger,250
boblingensupercharger,250
boblingensupercharger,250
boblingensupercharger,250
boblingensupercharger,250
boblingensupercharger,250
boblingensupercharger,250
boblingensupercharger,250
boblingensupercharger,250
boblingensupercharger,250
boblingensupercharger,250
boblingensupercharger,250
dettelbachsupercharger,150
dettelbachsupercharger,150
dettelbachsupercharger,150
dettelbachsupercharger,150
dettelbachsupercharger,150
dettelbachsupercharger,150
dettelbachsupercharger,150
dettelbachsupercharger,150
dettelbachsupercharger,150
dettelbachsupercharger,150
dettelbachsupercharger,150
dettelbachsupercharger,150
dettelbachsupercharger,150
dettelbachsupercharger,150
dettelbachsupercharger,150
dettelbachsupercharger,150
dettelbachsupercharger,150
dettelbachsupercharger,150
echingsupercharger,250
echingsupercharger,250
echingsupercharger,250
echingsupercharger,250
echingsupercharger,250
echingsupercharger,250
echingsupercharger,250
echingsupercharger,250
echingsupercharger,250
echingsupercharger,250
echingsupercharger,250
echingsupercharger,250
90780,250
90780,250
90780,250
90780,250
90780,250
90780,250
90780,250
90780,250
emsburensupercharger,150
emsburensupercharger,150
emsburensupercharger,150
emsburensupercharger,150
emsburensupercharger,150
emsburensupercharger,150
emsburensupercharger,150
emsburensupercharger,150
emsburensupercharger,150
emsburensupercharger,150
emsburensupercharger,150
emsburensupercharger,150
emsburensupercharger,250
emsburensupercharger,250
emsburensupercharger,250
emsburensupercharger,250
emsburensupercharger,250
emsburensupercharger,250
emsburensupercharger,250
emsburensupercharger,250
erftstadtsupercharger,150
erftstadtsupercharger,150
erftstadtsupercharger,150
erftstadtsupercharger,150
erftstadtsupercharger,150
erftstadtsupercharger,150
erftstadtsupercharger,150
erftstadtsupercharger,150
erftstadtsupercharger,250
erftstadtsupercharger,250
erftstadtsupercharger,250
erftstadtsupercharger,250
erftstadtsupercharger,250
erftstadtsupercharger,250
erftstadtsupercharger,250
erftstadtsupercharger,250
erftstadtsupercharger,250
erftstadtsupercharger,250
erftstadtsupercharger,250
erftstadtsupercharger,250
erftstadtsupercharger,250
erftstadtsupercharger,250
erftstadtsupercharger,250
erftstadtsupercharger,250
erftstadtsupercharger,250
erftstadtsupercharger,250
erftstadtsupercharger,250
erftstadtsupercharger,250
erhartingsupercharger,250
erhartingsupercharger,250
erhartingsupercharger,250
erhartingsupercharger,250
erhartingsupercharger,250
erhartingsupercharger,250
erhartingsupercharger,250
erhartingsupercharger,250
erhartingsupercharger,250
erhartingsupercharger,250
erhartingsupercharger,250
erhartingsupercharger,250
erlangensupercharger,250
erlangensupercharger,250
erlangensupercharger,250
erlangensupercharger,250
erlangensupercharger,250
erlangensupercharger,250
erlangensupercharger,250
erlangensupercharger,250
erlangensupercharger,250
erlangensupercharger,250
erlangensupercharger,250
erlangensupercharger,250
erlangensupercharger,250
erlangensupercharger,250
erlangensupercharger,250
erlangensupercharger,250
eschbornsupercharger,250
eschbornsupercharger,250
eschbornsupercharger,250
eschbornsupercharger,250
eschbornsupercharger,250
eschbornsupercharger,250
eschbornsupercharger,250
eschbornsupercharger,250
eschbornsupercharger,250
eschbornsupercharger,250
eschbornsupercharger,250
eschbornsupercharger,250
eschbornsupercharger,250
eschbornsupercharger,250
eschbornsupercharger,250
eschbornsupercharger,250
feuchtsupercharger,250
feuchtsupercharger,250
feuchtsupercharger,250
feuchtsupercharger,250
feuchtsupercharger,250
feuchtsupercharger,250
feuchtsupercharger,250
feuchtsupercharger,250
feuchtsupercharger,250
feuchtsupercharger,250
feuchtsupercharger,250
feuchtsupercharger,250
Frechendesupercharger,250
Frechendesupercharger,250
Frechendesupercharger,250
Frechendesupercharger,250
Frechendesupercharger,250
Frechendesupercharger,250
Frechendesupercharger,250
Frechendesupercharger,250
Frechendesupercharger,250
Frechendesupercharger,250
Frechendesupercharger,250
Frechendesupercharger,250
Frechendesupercharger,250
Frechendesupercharger,250
Frechendesupercharger,250
Frechendesupercharger,250
geiselwindsupercharger,150
geiselwindsupercharger,150
geiselwindsupercharger,150
geiselwindsupercharger,150
geiselwindsupercharger,150
geiselwindsupercharger,150
Gelnhausendesupercharger,250
Gelnhausendesupercharger,250
Gelnhausendesupercharger,250
Gelnhausendesupercharger,250
Gelnhausendesupercharger,250
Gelnhausendesupercharger,250
Gelnhausendesupercharger,250
Gelnhausendesupercharger,250
Gelnhausendesupercharger,250
Gelnhausendesupercharger,250
Gelnhausendesupercharger,250
gensingensupercharger,150
gensingensupercharger,150
gensingensupercharger,150
gensingensupercharger,150
gensingensupercharger,150
gensingensupercharger,150
gensingensupercharger,150
gensingensupercharger,150
gensingensupercharger,150
gensingensupercharger,150
gensingensupercharger,150
gensingensupercharger,150
gensingensupercharger,150
gensingensupercharger,150
gensingensupercharger,250
gensingensupercharger,250
gensingensupercharger,250
gensingensupercharger,250
gensingensupercharger,250
gensingensupercharger,250
gensingensupercharger,250
gensingensupercharger,250
gramschatzerwaldsupercharger,150
gramschatzerwaldsupercharger,150
gramschatzerwaldsupercharger,150
gramschatzerwaldsupercharger,150
gramschatzerwaldsupercharger,150
gramschatzerwaldsupercharger,150
gramschatzerwaldsupercharger,250
gramschatzerwaldsupercharger,250
gramschatzerwaldsupercharger,250
gramschatzerwaldsupercharger,250
gramschatzerwaldsupercharger,250
gramschatzerwaldsupercharger,250
gramschatzerwaldsupercharger,250
gramschatzerwaldsupercharger,250
gutzkowsupercharger,150
gutzkowsupercharger,150
gutzkowsupercharger,150
gutzkowsupercharger,150
gutzkowsupercharger,150
gutzkowsupercharger,150
gutzkowsupercharger,150
gutzkowsupercharger,150
gutzkowsupercharger,150
gutzkowsupercharger,150
hamburgsupercharger,150
hamburgsupercharger,150
hamburgsupercharger,150
hamburgsupercharger,150
hengersbergsupercharger,150
hengersbergsupercharger,150
hengersbergsupercharger,150
hengersbergsupercharger,150
hengersbergsupercharger,150
hengersbergsupercharger,150
hengersbergsupercharger,150
hengersbergsupercharger,150
herbolzheimsupercharger,150
herbolzheimsupercharger,150
herbolzheimsupercharger,150
herbolzheimsupercharger,150
herbolzheimsupercharger,150
herbolzheimsupercharger,150
herbolzheimsupercharger,150
herbolzheimsupercharger,150
herbolzheimsupercharger,150
herbolzheimsupercharger,150
hermsdorfsupercharger,250
hermsdorfsupercharger,250
hermsdorfsupercharger,250
hermsdorfsupercharger,250
hermsdorfsupercharger,250
hermsdorfsupercharger,250
hermsdorfsupercharger,250
hermsdorfsupercharger,250
hermsdorfsupercharger,250
hermsdorfsupercharger,250
hermsdorfsupercharger,250
hermsdorfsupercharger,250
herzsprungsupercharger,150
herzsprungsupercharger,150
herzsprungsupercharger,150
herzsprungsupercharger,150
herzsprungsupercharger,150
herzsprungsupercharger,150
herzsprungsupercharger,150
herzsprungsupercharger,150
herzsprungsupercharger,150
herzsprungsupercharger,150
herzsprungsupercharger,250
herzsprungsupercharger,250
herzsprungsupercharger,250
herzsprungsupercharger,250
herzsprungsupercharger,250
herzsprungsupercharger,250
herzsprungsupercharger,250
herzsprungsupercharger,250
hildensupercharger,150
hildensupercharger,150
hildensupercharger,150
hildensupercharger,150
hildensupercharger,150
hildensupercharger,150
hildensupercharger,150
hildensupercharger,150
hildensupercharger,250
hildensupercharger,250
hildensupercharger,250
hildensupercharger,250
hildensupercharger,250
hildensupercharger,250
hildensupercharger,250
hildensupercharger,250
hildensupercharger,250
hildensupercharger,250
hildensupercharger,250
hildensupercharger,250
hildensupercharger,250
hildensupercharger,250
hildensupercharger,250
hildensupercharger,250
hildensupercharger,250
hildensupercharger,250
hildensupercharger,250
hildensupercharger,250
hildensupercharger,250
hildensupercharger,250
hildensupercharger,250
hildensupercharger,250
hildensupercharger,250
hildensupercharger,250
hildensupercharger,250
hildensupercharger,250
hildensupercharger,250
hildensupercharger,250
hildensupercharger,250
hildensupercharger,250
hilpoltsteinsupercharger,150
hilpoltsteinsupercharger,150
hilpoltsteinsupercharger,150
hilpoltsteinsupercharger,150
hilpoltsteinsupercharger,150
hilpoltsteinsupercharger,150
hilpoltsteinsupercharger,250
hilpoltsteinsupercharger,250
hilpoltsteinsupercharger,250
hilpoltsteinsupercharger,250
hilpoltsteinsupercharger,250
hilpoltsteinsupercharger,250
hilpoltsteinsupercharger,250
hilpoltsteinsupercharger,250
hilpoltsteinsupercharger,250
hilpoltsteinsupercharger,250
hirschbergsupercharger,150
hirschbergsupercharger,150
hirschbergsupercharger,150
hirschbergsupercharger,150
hirschbergsupercharger,150
hirschbergsupercharger,150
hirschbergsupercharger,150
hirschbergsupercharger,150
hohenwarslebensupercharger,150
hohenwarslebensupercharger,150
hohenwarslebensupercharger,150
hohenwarslebensupercharger,150
hohenwarslebensupercharger,150
hohenwarslebensupercharger,150
illertissensupercharger,250
illertissensupercharger,250
illertissensupercharger,250
illertissensupercharger,250
illertissensupercharger,250
illertissensupercharger,250
illertissensupercharger,250
illertissensupercharger,250
illertissensupercharger,250
illertissensupercharger,250
illertissensupercharger,250
illertissensupercharger,250
illertissensupercharger,250
illertissensupercharger,250
irschenbergsupercharger,150
irschenbergsupercharger,150
irschenbergsupercharger,150
irschenbergsupercharger,150
irschenbergsupercharger,150
irschenbergsupercharger,150
Irxlebendesupercharger,250
Irxlebendesupercharger,250
Irxlebendesupercharger,250
Irxlebendesupercharger,250
Irxlebendesupercharger,250
Irxlebendesupercharger,250
Irxlebendesupercharger,250
Irxlebendesupercharger,250
Irxlebendesupercharger,250
Irxlebendesupercharger,250
Irxlebendesupercharger,250
Irxlebendesupercharger,250
jettingensupercharger,150
jettingensupercharger,150
jettingensupercharger,150
jettingensupercharger,150
jettingensupercharger,150
jettingensupercharger,150
jettingensupercharger,150
jettingensupercharger,150
kaiserslauternsupercharger,150
kaiserslauternsupercharger,150
kaiserslauternsupercharger,150
kaiserslauternsupercharger,150
kaiserslauternsupercharger,150
kaiserslauternsupercharger,150
kaiserslauternsupercharger,150
kaiserslauternsupercharger,150
neumunstersupercharger,250
neumunstersupercharger,250
neumunstersupercharger,250
neumunstersupercharger,250
neumunstersupercharger,250
neumunstersupercharger,250
neumunstersupercharger,250
neumunstersupercharger,250
neumunstersupercharger,250
neumunstersupercharger,250
neumunstersupercharger,250
neumunstersupercharger,250
kamensupercharger,150
kamensupercharger,150
kamensupercharger,150
kamensupercharger,150
kamensupercharger,150
kamensupercharger,150
kamensupercharger,150
kamensupercharger,150
kappelgrafenhausensupercharger,150
kappelgrafenhausensupercharger,150
kappelgrafenhausensupercharger,150
kappelgrafenhausensupercharger,150
kappelgrafenhausensupercharger,150
kappelgrafenhausensupercharger,150
kappelgrafenhausensupercharger,150
kappelgrafenhausensupercharger,150
kappelgrafenhausensupercharger,150
kappelgrafenhausensupercharger,150
KarlsruheGermanysupercharger,250
KarlsruheGermanysupercharger,250
KarlsruheGermanysupercharger,250
KarlsruheGermanysupercharger,250
KarlsruheGermanysupercharger,250
KarlsruheGermanysupercharger,250
KarlsruheGermanysupercharger,250
KarlsruheGermanysupercharger,250
KarlsruheGermanysupercharger,250
KarlsruheGermanysupercharger,250
KarlsruheGermanysupercharger,250
kasselsupercharger,250
kasselsupercharger,250
kasselsupercharger,250
kasselsupercharger,250
kasselsupercharger,250
kasselsupercharger,250
kasselsupercharger,250
kasselsupercharger,250
kasselsupercharger,250
kasselsupercharger,250
kasselsupercharger,250
kasselsupercharger,250
knetzgausupercharger,250
knetzgausupercharger,250
knetzgausupercharger,250
knetzgausupercharger,250
knetzgausupercharger,250
knetzgausupercharger,250
knetzgausupercharger,250
knetzgausupercharger,250
lauenausupercharger,150
lauenausupercharger,150
lauenausupercharger,150
lauenausupercharger,150
lauenausupercharger,150
lauenausupercharger,150
lauenausupercharger,150
lauenausupercharger,150
lauenausupercharger,250
lauenausupercharger,250
lauenausupercharger,250
lauenausupercharger,250
WolfsburgGermanysupercharger,250
WolfsburgGermanysupercharger,250
WolfsburgGermanysupercharger,250
WolfsburgGermanysupercharger,250
WolfsburgGermanysupercharger,250
WolfsburgGermanysupercharger,250
WolfsburgGermanysupercharger,250
WolfsburgGermanysupercharger,250
WolfsburgGermanysupercharger,250
WolfsburgGermanysupercharger,250
WolfsburgGermanysupercharger,250
WolfsburgGermanysupercharger,250
leonbergsupercharger,150
leonbergsupercharger,150
leonbergsupercharger,150
leonbergsupercharger,150
leonbergsupercharger,150
leonbergsupercharger,150
leonbergsupercharger,150
leonbergsupercharger,150
leonbergsupercharger,150
leonbergsupercharger,150
leonbergsupercharger,150
leonbergsupercharger,150
leonbergsupercharger,150
leonbergsupercharger,150
leonbergsupercharger,150
leonbergsupercharger,150
leonbergsupercharger,150
leonbergsupercharger,150
leonbergsupercharger,150
leonbergsupercharger,150
lippetalsupercharger,250
lippetalsupercharger,250
lippetalsupercharger,250
lippetalsupercharger,250
lippetalsupercharger,250
lippetalsupercharger,250
lippetalsupercharger,250
lippetalsupercharger,250
lohnesupercharger,150
lohnesupercharger,150
lohnesupercharger,150
lohnesupercharger,150
lohnesupercharger,150
lohnesupercharger,150
lohnesupercharger,150
lohnesupercharger,150
lohnesupercharger,150
lohnesupercharger,150
lohnesupercharger,150
lohnesupercharger,150
lohnesupercharger,250
lohnesupercharger,250
lohnesupercharger,250
lohnesupercharger,250
lohnesupercharger,250
lohnesupercharger,250
lohnesupercharger,250
lohnesupercharger,250
lutterbergsupercharger,150
lutterbergsupercharger,150
lutterbergsupercharger,150
lutterbergsupercharger,150
lutterbergsupercharger,150
lutterbergsupercharger,150
lutterbergsupercharger,150
lutterbergsupercharger,150
lutterbergsupercharger,150
lutterbergsupercharger,150
lutterbergsupercharger,150
lutterbergsupercharger,150
lutterbergsupercharger,150
lutterbergsupercharger,150
lutterbergsupercharger,150
lutterbergsupercharger,150
malsfeldsupercharger,150
malsfeldsupercharger,150
malsfeldsupercharger,150
malsfeldsupercharger,150
malsfeldsupercharger,150
malsfeldsupercharger,150
malsfeldsupercharger,150
malsfeldsupercharger,150
moerssupercharger,150
moerssupercharger,150
moerssupercharger,150
moerssupercharger,150
moerssupercharger,150
moerssupercharger,150
moerssupercharger,150
moerssupercharger,150
mogendorfdesupercharger,150
mogendorfdesupercharger,150
mogendorfdesupercharger,150
mogendorfdesupercharger,150
mogendorfdesupercharger,150
mogendorfdesupercharger,150
mogendorfdesupercharger,150
mogendorfdesupercharger,150
mogendorfdesupercharger,150
mogendorfdesupercharger,150
mogendorfdesupercharger,150
mogendorfdesupercharger,150
mottensupercharger,150
mottensupercharger,150
mottensupercharger,150
mottensupercharger,150
mottensupercharger,150
mottensupercharger,150
mottensupercharger,150
mottensupercharger,150
mottensupercharger,150
mottensupercharger,150
mottensupercharger,150
mottensupercharger,150
mottensupercharger,150
mottensupercharger,150
mottensupercharger,150
mottensupercharger,150
murrsupercharger,250
murrsupercharger,250
murrsupercharger,250
murrsupercharger,250
murrsupercharger,250
murrsupercharger,250
murrsupercharger,250
murrsupercharger,250
murrsupercharger,250
murrsupercharger,250
murrsupercharger,250
murrsupercharger,250
muckesupercharger,150
muckesupercharger,150
muckesupercharger,150
muckesupercharger,150
muckesupercharger,150
muckesupercharger,150
muhldorfsupercharger,150
muhldorfsupercharger,150
muhldorfsupercharger,150
muhldorfsupercharger,150
munchbergnordsupercharger,150
munchbergnordsupercharger,150
munchbergnordsupercharger,150
munchbergnordsupercharger,150
munchbergnordsupercharger,150
munchbergnordsupercharger,150
munchbergnorddesupercharger,150
munchbergnorddesupercharger,150
munchbergnorddesupercharger,150
munchbergnorddesupercharger,150
munchbergnorddesupercharger,150
munchbergnorddesupercharger,150
munchenoezsupercharger,250
munchenoezsupercharger,250
munchenoezsupercharger,250
munchenoezsupercharger,250
munchenoezsupercharger,250
munchenoezsupercharger,250
munchenoezsupercharger,250
munchenoezsupercharger,250
munchenoezsupercharger,250
munchenoezsupercharger,250
munchenoezsupercharger,250
munchenoezsupercharger,250
pasingarcadensupercharger,250
pasingarcadensupercharger,250
pasingarcadensupercharger,250
pasingarcadensupercharger,250
pasingarcadensupercharger,250
pasingarcadensupercharger,250
pasingarcadensupercharger,250
pasingarcadensupercharger,250
pasingarcadensupercharger,250
pasingarcadensupercharger,250
pasingarcadensupercharger,250
pasingarcadensupercharger,250
nempitzsupercharger,150
nempitzsupercharger,150
nempitzsupercharger,150
nempitzsupercharger,150
nempitzsupercharger,150
nempitzsupercharger,150
nempitzsupercharger,150
nempitzsupercharger,150
neubergsupercharger,150
neubergsupercharger,150
neubergsupercharger,150
neubergsupercharger,150
neubergsupercharger,150
neubergsupercharger,150
nossensupercharger,150
nossensupercharger,150
nossensupercharger,150
nossensupercharger,150
nossensupercharger,150
nossensupercharger,150
nossensupercharger,250
nossensupercharger,250
nossensupercharger,250
nossensupercharger,250
nurburgringsupercharger,250
nurburgringsupercharger,250
nurburgringsupercharger,250
nurburgringsupercharger,250
OberhausenGermanysupercharger,250
OberhausenGermanysupercharger,250
OberhausenGermanysupercharger,250
OberhausenGermanysupercharger,250
OberhausenGermanysupercharger,250
OberhausenGermanysupercharger,250
OberhausenGermanysupercharger,250
OberhausenGermanysupercharger,250
OberhausenGermanysupercharger,250
OberhausenGermanysupercharger,250
OberhausenGermanysupercharger,250
OberhausenGermanysupercharger,250
oberhonnefeldsupercharger,150
oberhonnefeldsupercharger,150
oberhonnefeldsupercharger,150
oberhonnefeldsupercharger,150
oberhonnefeldsupercharger,150
oberhonnefeldsupercharger,150
oberhonnefeldsupercharger,150
oberhonnefeldsupercharger,150
oberhonnefeldsupercharger,150
oberhonnefeldsupercharger,150
oberhonnefeldsupercharger,150
oberhonnefeldsupercharger,150
oberhonnefeldsupercharger,150
oberhonnefeldsupercharger,150
oberhonnefeldsupercharger,150
oberhonnefeldsupercharger,150
oberhonnefeldsupercharger,150
oberhonnefeldsupercharger,150
oberhonnefeldsupercharger,150
oberhonnefeldsupercharger,150
panketalsupercharger,250
panketalsupercharger,250
panketalsupercharger,250
panketalsupercharger,250
panketalsupercharger,250
panketalsupercharger,250
panketalsupercharger,250
panketalsupercharger,250
pfaffenhofensupercharger,250
pfaffenhofensupercharger,250
pfaffenhofensupercharger,250
pfaffenhofensupercharger,250
pfaffenhofensupercharger,250
pfaffenhofensupercharger,250
pfaffenhofensupercharger,250
pfaffenhofensupercharger,250
pfaffenhofensupercharger,250
pfaffenhofensupercharger,250
pfaffenhofensupercharger,250
pfaffenhofensupercharger,250
pfaffenhofensupercharger,250
pfaffenhofensupercharger,250
pfaffenhofensupercharger,250
pfaffenhofensupercharger,250
pfaffenhofensupercharger,250
pfaffenhofensupercharger,250
pfaffenhofensupercharger,250
pfaffenhofensupercharger,250
pfaffenhofensupercharger,250
pfaffenhofensupercharger,250
pfaffenhofensupercharger,250
pfaffenhofensupercharger,250
pfalzfeldsupercharger,150
pfalzfeldsupercharger,150
pfalzfeldsupercharger,150
pfalzfeldsupercharger,150
pfalzfeldsupercharger,150
pfalzfeldsupercharger,150
pfalzfeldsupercharger,150
pfalzfeldsupercharger,150
pfalzfeldsupercharger,150
pfalzfeldsupercharger,150
pfalzfeldsupercharger,150
pfalzfeldsupercharger,150
pfalzfeldsupercharger,150
pfalzfeldsupercharger,150
pfalzfeldsupercharger,150
pfalzfeldsupercharger,150
plauensupercharger,250
plauensupercharger,250
plauensupercharger,250
plauensupercharger,250
plauensupercharger,250
plauensupercharger,250
plauensupercharger,250
plauensupercharger,250
plauensupercharger,250
plauensupercharger,250
plauensupercharger,250
plauensupercharger,250
posthausensupercharger,250
posthausensupercharger,250
posthausensupercharger,250
posthausensupercharger,250
posthausensupercharger,250
posthausensupercharger,250
posthausensupercharger,250
posthausensupercharger,250
posthausensupercharger,250
posthausensupercharger,250
posthausensupercharger,250
posthausensupercharger,250
radedesupercharger,150
radedesupercharger,150
radedesupercharger,150
radedesupercharger,150
radedesupercharger,150
radedesupercharger,150
radedesupercharger,150
radedesupercharger,150
rauenbergsupercharger,150
rauenbergsupercharger,150
rauenbergsupercharger,150
rauenbergsupercharger,150
rauenbergsupercharger,150
rauenbergsupercharger,150
rauenbergsupercharger,150
rauenbergsupercharger,150
rauenbergsupercharger,150
rauenbergsupercharger,150
rauenbergsupercharger,150
rauenbergsupercharger,150
regensburgostsupercharger,150
regensburgostsupercharger,150
regensburgostsupercharger,150
regensburgostsupercharger,150
regensburgostsupercharger,150
regensburgostsupercharger,150
regensburgostsupercharger,150
regensburgostsupercharger,150
regensburgostsupercharger,150
regensburgostsupercharger,150
WesenbergSupercharger,250
WesenbergSupercharger,250
WesenbergSupercharger,250
WesenbergSupercharger,250
WesenbergSupercharger,250
WesenbergSupercharger,250
WesenbergSupercharger,250
WesenbergSupercharger,250
WesenbergSupercharger,250
WesenbergSupercharger,250
WesenbergSupercharger,250
WesenbergSupercharger,250
reinfeldsupercharger,250
reinfeldsupercharger,250
reinfeldsupercharger,250
reinfeldsupercharger,250
reinfeldsupercharger,250
reinfeldsupercharger,250
reinfeldsupercharger,250
reinfeldsupercharger,250
reinfeldsupercharger,250
reinfeldsupercharger,250
reinfeldsupercharger,250
reinfeldsupercharger,250
rhudensupercharger,150
rhudensupercharger,150
rhudensupercharger,150
rhudensupercharger,150
rhudensupercharger,150
rhudensupercharger,150
rhudensupercharger,150
rhudensupercharger,150
rhudensupercharger,250
rhudensupercharger,250
rhudensupercharger,250
rhudensupercharger,250
rhudensupercharger,250
rhudensupercharger,250
rhudensupercharger,250
rhudensupercharger,250
rosenheimsupercharger,250
rosenheimsupercharger,250
rosenheimsupercharger,250
rosenheimsupercharger,250
rosenheimsupercharger,250
rosenheimsupercharger,250
rosenheimsupercharger,250
rosenheimsupercharger,250
rosenheimsupercharger,250
rosenheimsupercharger,250
rosenheimsupercharger,250
rosenheimsupercharger,250
sangerhausensupercharger,150
sangerhausensupercharger,150
sangerhausensupercharger,150
sangerhausensupercharger,150
sangerhausensupercharger,150
sangerhausensupercharger,150
satteldorfsupercharger,150
satteldorfsupercharger,150
satteldorfsupercharger,150
satteldorfsupercharger,150
satteldorfsupercharger,150
satteldorfsupercharger,150
satteldorfsupercharger,250
satteldorfsupercharger,250
satteldorfsupercharger,250
satteldorfsupercharger,250
schweitenkirchensupercharger,150
schweitenkirchensupercharger,150
schweitenkirchensupercharger,150
schweitenkirchensupercharger,150
schweitenkirchensupercharger,150
schweitenkirchensupercharger,150
schweitenkirchensupercharger,150
schweitenkirchensupercharger,150
sindelsdorfsupercharger,150
sindelsdorfsupercharger,150
sindelsdorfsupercharger,150
sindelsdorfsupercharger,150
sindelsdorfsupercharger,150
sindelsdorfsupercharger,150
sindelsdorfsupercharger,150
sindelsdorfsupercharger,150
sindelsdorfsupercharger,150
sindelsdorfsupercharger,150
sindelsdorfsupercharger,150
sindelsdorfsupercharger,150
sulzvohringensupercharger,150
sulzvohringensupercharger,150
sulzvohringensupercharger,150
sulzvohringensupercharger,150
sulzvohringensupercharger,150
sulzvohringensupercharger,150
sulzvohringensupercharger,250
sulzvohringensupercharger,250
sulzvohringensupercharger,250
sulzvohringensupercharger,250
suderholzsupercharger,150
suderholzsupercharger,150
suderholzsupercharger,150
suderholzsupercharger,150
TroisdorfGermanysupercharger,250
TroisdorfGermanysupercharger,250
TroisdorfGermanysupercharger,250
TroisdorfGermanysupercharger,250
TroisdorfGermanysupercharger,250
TroisdorfGermanysupercharger,250
TroisdorfGermanysupercharger,250
TroisdorfGermanysupercharger,250
turkheimsupercharger,250
turkheimsupercharger,250
turkheimsupercharger,250
turkheimsupercharger,250
turkheimsupercharger,250
turkheimsupercharger,250
turkheimsupercharger,250
turkheimsupercharger,250
uckerfeldesupercharger,150
uckerfeldesupercharger,150
uckerfeldesupercharger,150
uckerfeldesupercharger,150
ulmsupercharger,150
ulmsupercharger,150
ulmsupercharger,150
ulmsupercharger,150
ulmsupercharger,150
ulmsupercharger,150
ulmsupercharger,150
ulmsupercharger,150
ulmsupercharger,150
ulmsupercharger,150
ulmsupercharger,150
ulmsupercharger,150
ulmsupercharger,150
ulmsupercharger,150
ulmsupercharger,150
ulmsupercharger,150
ulmsupercharger,150
ulmsupercharger,150
ulmsupercharger,250
ulmsupercharger,250
ulmsupercharger,250
ulmsupercharger,250
ulmsupercharger,250
ulmsupercharger,250
ulmsupercharger,250
ulmsupercharger,250
ulmsupercharger,250
ulmsupercharger,250
ulmsupercharger,250
ulmsupercharger,250
ulmsupercharger,250
ulmsupercharger,250
ulmsupercharger,250
ulmsupercharger,250
ulmsupercharger,250
ulmsupercharger,250
ulmsupercharger,250
ulmsupercharger,250
waldlaubersheimsupercharger,150
waldlaubersheimsupercharger,150
waldlaubersheimsupercharger,150
waldlaubersheimsupercharger,150
waldlaubersheimsupercharger,150
waldlaubersheimsupercharger,150
waldlaubersheimsupercharger,150
waldlaubersheimsupercharger,150
weibersbrunnsupercharger,250
weibersbrunnsupercharger,250
weibersbrunnsupercharger,250
weibersbrunnsupercharger,250
weibersbrunnsupercharger,250
weibersbrunnsupercharger,250
weibersbrunnsupercharger,250
weibersbrunnsupercharger,250
weibersbrunnsupercharger,250
weibersbrunnsupercharger,250
weibersbrunnsupercharger,250
weibersbrunnsupercharger,250
weibersbrunnsupercharger,250
weibersbrunnsupercharger,250
weibersbrunnsupercharger,250
weibersbrunnsupercharger,250
weimarsupercharger,150
weimarsupercharger,150
weimarsupercharger,150
weimarsupercharger,150
weimarsupercharger,150
weimarsupercharger,150
Weiterstadtdesupercharger,250
Weiterstadtdesupercharger,250
Weiterstadtdesupercharger,250
Weiterstadtdesupercharger,250
Weiterstadtdesupercharger,250
Weiterstadtdesupercharger,250
Weiterstadtdesupercharger,250
Weiterstadtdesupercharger,250
wernbergkoblitzsupercharger,150
wernbergkoblitzsupercharger,150
wernbergkoblitzsupercharger,150
wernbergkoblitzsupercharger,150
wernbergkoblitzsupercharger,150
wernbergkoblitzsupercharger,150
wernbergkoblitzsupercharger,250
wernbergkoblitzsupercharger,250
wernbergkoblitzsupercharger,250
wernbergkoblitzsupercharger,250
wertheimsupercharger,150
wertheimsupercharger,150
wertheimsupercharger,150
wertheimsupercharger,150
wertheimsupercharger,150
wertheimsupercharger,150
weyarnsupercharger,150
weyarnsupercharger,150
weyarnsupercharger,150
weyarnsupercharger,150
weyarnsupercharger,150
weyarnsupercharger,150
weyarnsupercharger,150
weyarnsupercharger,150
weyarnsupercharger,150
weyarnsupercharger,150
weyarnsupercharger,150
weyarnsupercharger,150
weyarnsupercharger,150
weyarnsupercharger,150
weyarnsupercharger,150
weyarnsupercharger,150
weyarnsupercharger,150
weyarnsupercharger,150
wiesbadensupercharger,150
wiesbadensupercharger,150
wiesbadensupercharger,150
wiesbadensupercharger,150
wilnsdorfsupercharger,150
wilnsdorfsupercharger,150
wilnsdorfsupercharger,150
wilnsdorfsupercharger,150
wilnsdorfsupercharger,150
wilnsdorfsupercharger,150
wilnsdorfsupercharger,150
wilnsdorfsupercharger,150
wismarsupercharger,250
wismarsupercharger,250
wismarsupercharger,250
wismarsupercharger,250
wismarsupercharger,250
wismarsupercharger,250
wismarsupercharger,250
wismarsupercharger,250
wittenburgsupercharger,150
wittenburgsupercharger,150
wittenburgsupercharger,150
wittenburgsupercharger,150
wittenburgsupercharger,150
wittenburgsupercharger,150
wittenburgsupercharger,250
wittenburgsupercharger,250
wittenburgsupercharger,250
wittenburgsupercharger,250
wittlichsupercharger,150
wittlichsupercharger,150
wittlichsupercharger,150
wittlichsupercharger,150
wittlichsupercharger,150
wittlichsupercharger,150
wittlichsupercharger,150
wittlichsupercharger,150
wittlichsupercharger,150
wittlichsupercharger,150
worthsupercharger,250
worthsupercharger,250
worthsupercharger,250
worthsupercharger,250
worthsupercharger,250
worthsupercharger,250
worthsupercharger,250
worthsupercharger,250
worthsupercharger,250
worthsupercharger,250
worthsupercharger,250
worthsupercharger,250
zellamehlissupercharger,150
zellamehlissupercharger,150
zellamehlissupercharger,150
zellamehlissupercharger,150
zellamehlissupercharger,150
zellamehlissupercharger,150
zusmarshausensupercharger,250
zusmarshausensupercharger,250
zusmarshausensupercharger,250
zusmarshausensupercharger,250
zusmarshausensupercharger,250
zusmarshausensupercharger,250
zusmarshausensupercharger,250
zusmarshausensupercharger,250
zusmarshausensupercharger,250
zusmarshausensupercharger,250
zusmarshausensupercharger,250
zusmarshausensupercharger,250
